INSERT INTO pais (id_pais, nombre_pais) VALUES (1, 'Chile');
INSERT INTO region (id_region, nombre_region, id_pais) VALUES (1, 'Región Metropolitana', 1);
INSERT INTO region (id_region, nombre_region, id_pais) VALUES (2, 'Valparaíso', 1);
INSERT INTO region (id_region, nombre_region, id_pais) VALUES (3, 'Biobío', 1);
INSERT INTO genero (id_genero, desc_genero) VALUES (1, 'Masculino');
INSERT INTO genero (id_genero, desc_genero) VALUES (2, 'Femenino');
INSERT INTO estado_civil (id_estado_civil, desc_estado) VALUES (1, 'Soltero');
INSERT INTO estado_civil (id_estado_civil, desc_estado) VALUES (2, 'Casado');
INSERT INTO estado_postulacion (id_estado, estado) VALUES (1, 'En revisión');
INSERT INTO estado_postulacion (id_estado, estado) VALUES (2, 'Aceptado');
INSERT INTO estado_postulacion (id_estado, estado) VALUES (3, 'Rechazado');
INSERT INTO institucion_destino (id_institucion, nombre_institucion, id_ciudad, id_pais, ranking_ocde, url) VALUES (1, 'Universidad de Chile', 1, 1, 45, 'https://uchile.cl');
INSERT INTO institucion_destino (id_institucion, nombre_institucion, id_ciudad, id_pais, ranking_ocde, url) VALUES (2, 'PUC', 2, 1, 32, 'https://puc.cl');
INSERT INTO institucion_destino (id_institucion, nombre_institucion, id_ciudad, id_pais, ranking_ocde, url) VALUES (3, 'Universidad Técnica Federico Santa María', 3, 1, 60, 'https://usm.cl');
INSERT INTO postulante (id_postulante, rut_numero, rut_dv, nombres, ap_paterno, ap_materno, fecha_nacimiento, correo_electronico, telefono_contacto, nacionalidad, discapacidad, id_genero, id_estado_civil, id_region_residencia, id_region_titulacion) VALUES (1, 15006225, '4', 'Genoveva', 'Ojeda', 'Pineda', TO_DATE('1995-02-22','YYYY-MM-DD'), 'drios@bellido.org', '+34956333843', 'Chilena', '', 1, 1, 3, 1);
INSERT INTO postulante (id_postulante, rut_numero, rut_dv, nombres, ap_paterno, ap_materno, fecha_nacimiento, correo_electronico, telefono_contacto, nacionalidad, discapacidad, id_genero, id_estado_civil, id_region_residencia, id_region_titulacion) VALUES (2, 20766437, '7', 'Priscila', 'Mateos', 'Arce', TO_DATE('1986-11-03','YYYY-MM-DD'), 'iglesiatania@bautista.com', '+34 724124489', 'Chilena', '', 2, 2, 3, 3);
INSERT INTO postulante (id_postulante, rut_numero, rut_dv, nombres, ap_paterno, ap_materno, fecha_nacimiento, correo_electronico, telefono_contacto, nacionalidad, discapacidad, id_genero, id_estado_civil, id_region_residencia, id_region_titulacion) VALUES (3, 25822756, '0', 'Donato', 'Gámez', 'Pinedo', TO_DATE('2000-01-11','YYYY-MM-DD'), 'eanaya@yahoo.com', '+34889782938', 'Chilena', '', 2, 2, 1, 3);
INSERT INTO postulante (id_postulante, rut_numero, rut_dv, nombres, ap_paterno, ap_materno, fecha_nacimiento, correo_electronico, telefono_contacto, nacionalidad, discapacidad, id_genero, id_estado_civil, id_region_residencia, id_region_titulacion) VALUES (4, 25072703, '0', 'Alfredo', 'Robles', 'Blanch', TO_DATE('1987-05-04','YYYY-MM-DD'), 'barbamaura@vives.org', '+34717 491 544', 'Chilena', '', 2, 2, 1, 1);
INSERT INTO postulante (id_postulante, rut_numero, rut_dv, nombres, ap_paterno, ap_materno, fecha_nacimiento, correo_electronico, telefono_contacto, nacionalidad, discapacidad, id_genero, id_estado_civil, id_region_residencia, id_region_titulacion) VALUES (5, 26514443, '5', 'Felipa', 'Berenguer', 'Navas', TO_DATE('2000-04-12','YYYY-MM-DD'), 'bmata@yahoo.com', '+34707948874', 'Chilena', 'Visual', 2, 2, 1, 1);
INSERT INTO postulante (id_postulante, rut_numero, rut_dv, nombres, ap_paterno, ap_materno, fecha_nacimiento, correo_electronico, telefono_contacto, nacionalidad, discapacidad, id_genero, id_estado_civil, id_region_residencia, id_region_titulacion) VALUES (6, 23592425, '1', 'Lilia', 'Alberola', 'Belmonte', TO_DATE('1991-11-19','YYYY-MM-DD'), 'ktalavera@gmail.com', '+34729 249 911', 'Chilena', '', 2, 1, 2, 2);
INSERT INTO postulante (id_postulante, rut_numero, rut_dv, nombres, ap_paterno, ap_materno, fecha_nacimiento, correo_electronico, telefono_contacto, nacionalidad, discapacidad, id_genero, id_estado_civil, id_region_residencia, id_region_titulacion) VALUES (7, 17443478, '0', 'Íngrid', 'Hurtado', 'Iniesta', TO_DATE('1988-11-20','YYYY-MM-DD'), 'oguijarro@yahoo.com', '+34 707 997 749', 'Chilena', '', 2, 2, 2, 2);
INSERT INTO postulante (id_postulante, rut_numero, rut_dv, nombres, ap_paterno, ap_materno, fecha_nacimiento, correo_electronico, telefono_contacto, nacionalidad, discapacidad, id_genero, id_estado_civil, id_region_residencia, id_region_titulacion) VALUES (8, 13501709, 'K', 'Sandra', 'Araujo', 'Bauzà', TO_DATE('2001-07-21','YYYY-MM-DD'), 'bzamora@gracia.com', '+34 894 45 24 77', 'Chilena', '', 1, 2, 2, 3);
INSERT INTO postulante (id_postulante, rut_numero, rut_dv, nombres, ap_paterno, ap_materno, fecha_nacimiento, correo_electronico, telefono_contacto, nacionalidad, discapacidad, id_genero, id_estado_civil, id_region_residencia, id_region_titulacion) VALUES (9, 15607658, '0', 'Narciso', 'Palomares', 'Torre', TO_DATE('1991-04-03','YYYY-MM-DD'), 'amadorriquelme@gmail.com', '+34709240112', 'Chilena', 'Auditiva', 2, 1, 1, 3);
INSERT INTO postulante (id_postulante, rut_numero, rut_dv, nombres, ap_paterno, ap_materno, fecha_nacimiento, correo_electronico, telefono_contacto, nacionalidad, discapacidad, id_genero, id_estado_civil, id_region_residencia, id_region_titulacion) VALUES (10, 24109551, '0', 'Amelia', 'Alberto', 'Robledo', TO_DATE('1994-01-03','YYYY-MM-DD'), 'lurena@solano-peralta.com', '+34743 71 61 88', 'Chilena', '', 1, 2, 3, 3);