INSERT INTO programa_becas (id_programa, nombre_programa, fecha_inicio, fecha_fin, id_area, id_tipo_programa) VALUES (1, 'Programa Beca 1', TO_DATE('2024-03-01','YYYY-MM-DD'), TO_DATE('2024-08-28','YYYY-MM-DD'), 3, 3);
INSERT INTO programa_becas (id_programa, nombre_programa, fecha_inicio, fecha_fin, id_area, id_tipo_programa) VALUES (2, 'Programa Beca 2', TO_DATE('2024-03-01','YYYY-MM-DD'), TO_DATE('2024-08-28','YYYY-MM-DD'), 1, 1);
INSERT INTO programa_becas (id_programa, nombre_programa, fecha_inicio, fecha_fin, id_area, id_tipo_programa) VALUES (3, 'Programa Beca 3', TO_DATE('2024-03-01','YYYY-MM-DD'), TO_DATE('2024-08-28','YYYY-MM-DD'), 5, 2);
INSERT INTO documento (id_documento, nombre, id_tipo_documento, id_tipo_sistema) VALUES (1, 'Formulario de postulación y currículum vitae', 2, 2);
INSERT INTO documento (id_documento, nombre, id_tipo_documento, id_tipo_sistema) VALUES (2, 'Copia Cédula de Identidad', 1, 1);
INSERT INTO documento (id_documento, nombre, id_tipo_documento, id_tipo_sistema) VALUES (3, 'Carta de aceptación al programa', 2, 2);
INSERT INTO documento (id_documento, nombre, id_tipo_documento, id_tipo_sistema) VALUES (4, 'Certificado de Alumno regular', 2, 1);
INSERT INTO documento (id_documento, nombre, id_tipo_documento, id_tipo_sistema) VALUES (5, 'Copia de Título Profesional', 3, 2);
INSERT INTO documento (id_documento, nombre, id_tipo_documento, id_tipo_sistema) VALUES (6, 'Certificado de ranking de egreso', 1, 1);
INSERT INTO documento (id_documento, nombre, id_tipo_documento, id_tipo_sistema) VALUES (7, 'Certificado de notas final', 2, 1);
INSERT INTO documento (id_documento, nombre, id_tipo_documento, id_tipo_sistema) VALUES (8, 'Certificado de vigencia de permanencia definitiva', 3, 1);
INSERT INTO documento (id_documento, nombre, id_tipo_documento, id_tipo_sistema) VALUES (9, 'Sección Socioeconómica', 1, 2);
INSERT INTO documento (id_documento, nombre, id_tipo_documento, id_tipo_sistema) VALUES (10, 'Certificados de idioma', 3, 2);
INSERT INTO documento (id_documento, nombre, id_tipo_documento, id_tipo_sistema) VALUES (11, '2 Cartas de Recomendación', 2, 2);
INSERT INTO documento (id_documento, nombre, id_tipo_documento, id_tipo_sistema) VALUES (12, 'Certificado de Veracidad', 3, 1);
INSERT INTO documento (id_documento, nombre, id_tipo_documento, id_tipo_sistema) VALUES (13, 'Copia de otros postgrados', 2, 2);
INSERT INTO documento (id_documento, nombre, id_tipo_documento, id_tipo_sistema) VALUES (14, 'Concentración de notas otros postgrados', 1, 2);
INSERT INTO documento (id_documento, nombre, id_tipo_documento, id_tipo_sistema) VALUES (15, 'Certificado de CONADI', 3, 1);
INSERT INTO postulacion (id_postulacion, id_postulante, id_programa, id_institucion, id_estado, fecha_postulacion) VALUES (1, 1, 1, 3, 1, TO_DATE('2024-04-03','YYYY-MM-DD'));
INSERT INTO postulacion (id_postulacion, id_postulante, id_programa, id_institucion, id_estado, fecha_postulacion) VALUES (2, 2, 1, 1, 3, TO_DATE('2024-04-11','YYYY-MM-DD'));
INSERT INTO postulacion (id_postulacion, id_postulante, id_programa, id_institucion, id_estado, fecha_postulacion) VALUES (3, 3, 1, 1, 2, TO_DATE('2024-04-19','YYYY-MM-DD'));
INSERT INTO postulacion (id_postulacion, id_postulante, id_programa, id_institucion, id_estado, fecha_postulacion) VALUES (4, 4, 1, 3, 1, TO_DATE('2024-04-14','YYYY-MM-DD'));
INSERT INTO postulacion (id_postulacion, id_postulante, id_programa, id_institucion, id_estado, fecha_postulacion) VALUES (5, 5, 1, 3, 1, TO_DATE('2024-04-05','YYYY-MM-DD'));
INSERT INTO postulacion (id_postulacion, id_postulante, id_programa, id_institucion, id_estado, fecha_postulacion) VALUES (6, 6, 2, 2, 3, TO_DATE('2024-04-21','YYYY-MM-DD'));
INSERT INTO postulacion (id_postulacion, id_postulante, id_programa, id_institucion, id_estado, fecha_postulacion) VALUES (7, 7, 1, 3, 1, TO_DATE('2024-04-27','YYYY-MM-DD'));
INSERT INTO postulacion (id_postulacion, id_postulante, id_programa, id_institucion, id_estado, fecha_postulacion) VALUES (8, 8, 1, 3, 2, TO_DATE('2024-04-10','YYYY-MM-DD'));
INSERT INTO postulacion (id_postulacion, id_postulante, id_programa, id_institucion, id_estado, fecha_postulacion) VALUES (9, 9, 2, 1, 1, TO_DATE('2024-04-24','YYYY-MM-DD'));
INSERT INTO postulacion (id_postulacion, id_postulante, id_programa, id_institucion, id_estado, fecha_postulacion) VALUES (10, 10, 2, 1, 1, TO_DATE('2024-04-12','YYYY-MM-DD'));
INSERT INTO documento_presentado (id_documento_presentado, id_postulante, id_postulacion, id_documento, url_archivo, fecha_entrega) VALUES (1, 1, 1, 2, 'https://archivo.com/doc_1.pdf', TO_DATE('2024-04-25', 'YYYY-MM-DD'));
INSERT INTO documento_presentado (id_documento_presentado, id_postulante, id_postulacion, id_documento, url_archivo, fecha_entrega) VALUES (2, 1, 1, 15, 'https://archivo.com/doc_2.pdf', TO_DATE('2024-04-14', 'YYYY-MM-DD'));
INSERT INTO documento_presentado (id_documento_presentado, id_postulante, id_postulacion, id_documento, url_archivo, fecha_entrega) VALUES (3, 2, 2, 3, 'https://archivo.com/doc_3.pdf', TO_DATE('2024-04-13', 'YYYY-MM-DD'));
INSERT INTO documento_presentado (id_documento_presentado, id_postulante, id_postulacion, id_documento, url_archivo, fecha_entrega) VALUES (4, 2, 2, 12, 'https://archivo.com/doc_4.pdf', TO_DATE('2024-04-18', 'YYYY-MM-DD'));
INSERT INTO documento_presentado (id_documento_presentado, id_postulante, id_postulacion, id_documento, url_archivo, fecha_entrega) VALUES (5, 3, 3, 5, 'https://archivo.com/doc_5.pdf', TO_DATE('2024-04-21', 'YYYY-MM-DD'));
INSERT INTO documento_presentado (id_documento_presentado, id_postulante, id_postulacion, id_documento, url_archivo, fecha_entrega) VALUES (6, 3, 3, 14, 'https://archivo.com/doc_6.pdf', TO_DATE('2024-04-05', 'YYYY-MM-DD'));
INSERT INTO documento_presentado (id_documento_presentado, id_postulante, id_postulacion, id_documento, url_archivo, fecha_entrega) VALUES (7, 4, 4, 7, 'https://archivo.com/doc_7.pdf', TO_DATE('2024-04-12', 'YYYY-MM-DD'));
INSERT INTO documento_presentado (id_documento_presentado, id_postulante, id_postulacion, id_documento, url_archivo, fecha_entrega) VALUES (8, 4, 4, 1, 'https://archivo.com/doc_8.pdf', TO_DATE('2024-04-22', 'YYYY-MM-DD'));
INSERT INTO documento_presentado (id_documento_presentado, id_postulante, id_postulacion, id_documento, url_archivo, fecha_entrega) VALUES (9, 5, 5, 5, 'https://archivo.com/doc_9.pdf', TO_DATE('2024-04-02', 'YYYY-MM-DD'));
INSERT INTO documento_presentado (id_documento_presentado, id_postulante, id_postulacion, id_documento, url_archivo, fecha_entrega) VALUES (10, 5, 5, 1, 'https://archivo.com/doc_10.pdf', TO_DATE('2024-04-28', 'YYYY-MM-DD'));
INSERT INTO documento_presentado (id_documento_presentado, id_postulante, id_postulacion, id_documento, url_archivo, fecha_entrega) VALUES (11, 6, 6, 11, 'https://archivo.com/doc_11.pdf', TO_DATE('2024-04-05', 'YYYY-MM-DD'));
INSERT INTO documento_presentado (id_documento_presentado, id_postulante, id_postulacion, id_documento, url_archivo, fecha_entrega) VALUES (12, 6, 6, 13, 'https://archivo.com/doc_12.pdf', TO_DATE('2024-04-11', 'YYYY-MM-DD'));
INSERT INTO documento_presentado (id_documento_presentado, id_postulante, id_postulacion, id_documento, url_archivo, fecha_entrega) VALUES (13, 7, 7, 3, 'https://archivo.com/doc_13.pdf', TO_DATE('2024-04-01', 'YYYY-MM-DD'));
INSERT INTO documento_presentado (id_documento_presentado, id_postulante, id_postulacion, id_documento, url_archivo, fecha_entrega) VALUES (14, 7, 7, 7, 'https://archivo.com/doc_14.pdf', TO_DATE('2024-04-11', 'YYYY-MM-DD'));
INSERT INTO documento_presentado (id_documento_presentado, id_postulante, id_postulacion, id_documento, url_archivo, fecha_entrega) VALUES (15, 8, 8, 3, 'https://archivo.com/doc_15.pdf', TO_DATE('2024-04-07', 'YYYY-MM-DD'));
INSERT INTO documento_presentado (id_documento_presentado, id_postulante, id_postulacion, id_documento, url_archivo, fecha_entrega) VALUES (16, 8, 8, 15, 'https://archivo.com/doc_16.pdf', TO_DATE('2024-04-21', 'YYYY-MM-DD'));
INSERT INTO documento_presentado (id_documento_presentado, id_postulante, id_postulacion, id_documento, url_archivo, fecha_entrega) VALUES (17, 9, 9, 12, 'https://archivo.com/doc_17.pdf', TO_DATE('2024-04-08', 'YYYY-MM-DD'));
INSERT INTO documento_presentado (id_documento_presentado, id_postulante, id_postulacion, id_documento, url_archivo, fecha_entrega) VALUES (18, 9, 9, 14, 'https://archivo.com/doc_18.pdf', TO_DATE('2024-04-06', 'YYYY-MM-DD'));
INSERT INTO documento_presentado (id_documento_presentado, id_postulante, id_postulacion, id_documento, url_archivo, fecha_entrega) VALUES (19, 10, 10, 10, 'https://archivo.com/doc_19.pdf', TO_DATE('2024-04-27', 'YYYY-MM-DD'));
INSERT INTO documento_presentado (id_documento_presentado, id_postulante, id_postulacion, id_documento, url_archivo, fecha_entrega) VALUES (20, 10, 10, 12, 'https://archivo.com/doc_20.pdf', TO_DATE('2024-04-20', 'YYYY-MM-DD'));
INSERT INTO evaluacion_documento (id_evaluacion_documento, id_documento_presentado, id_subcriterio, id_ponderacion, id_evaluador, comentario) VALUES (1, 1, 5, 1, 6564, 'Evaluación automática 1');
INSERT INTO evaluacion_documento (id_evaluacion_documento, id_documento_presentado, id_subcriterio, id_ponderacion, id_evaluador, comentario) VALUES (2, 2, 6, 2, 9934, 'Evaluación automática 2');
INSERT INTO evaluacion_documento (id_evaluacion_documento, id_documento_presentado, id_subcriterio, id_ponderacion, id_evaluador, comentario) VALUES (3, 3, 3, 3, 8303, 'Evaluación automática 3');
INSERT INTO evaluacion_documento (id_evaluacion_documento, id_documento_presentado, id_subcriterio, id_ponderacion, id_evaluador, comentario) VALUES (4, 4, 6, 4, 2338, 'Evaluación automática 4');
INSERT INTO evaluacion_documento (id_evaluacion_documento, id_documento_presentado, id_subcriterio, id_ponderacion, id_evaluador, comentario) VALUES (5, 5, 4, 5, 3403, 'Evaluación automática 5');
INSERT INTO evaluacion_documento (id_evaluacion_documento, id_documento_presentado, id_subcriterio, id_ponderacion, id_evaluador, comentario) VALUES (6, 6, 6, 6, 7324, 'Evaluación automática 6');
INSERT INTO evaluacion_documento (id_evaluacion_documento, id_documento_presentado, id_subcriterio, id_ponderacion, id_evaluador, comentario) VALUES (7, 7, 2, 7, 5931, 'Evaluación automática 7');
INSERT INTO evaluacion_documento (id_evaluacion_documento, id_documento_presentado, id_subcriterio, id_ponderacion, id_evaluador, comentario) VALUES (8, 8, 1, 8, 1336, 'Evaluación automática 8');
INSERT INTO evaluacion_documento (id_evaluacion_documento, id_documento_presentado, id_subcriterio, id_ponderacion, id_evaluador, comentario) VALUES (9, 9, 6, 9, 3817, 'Evaluación automática 9');
INSERT INTO evaluacion_documento (id_evaluacion_documento, id_documento_presentado, id_subcriterio, id_ponderacion, id_evaluador, comentario) VALUES (10, 10, 3, 10, 4314, 'Evaluación automática 10');
INSERT INTO evaluacion_documento (id_evaluacion_documento, id_documento_presentado, id_subcriterio, id_ponderacion, id_evaluador, comentario) VALUES (11, 11, 5, 11, 3971, 'Evaluación automática 11');
INSERT INTO evaluacion_documento (id_evaluacion_documento, id_documento_presentado, id_subcriterio, id_ponderacion, id_evaluador, comentario) VALUES (12, 12, 1, 12, 7038, 'Evaluación automática 12');
INSERT INTO evaluacion_documento (id_evaluacion_documento, id_documento_presentado, id_subcriterio, id_ponderacion, id_evaluador, comentario) VALUES (13, 13, 3, 13, 9053, 'Evaluación automática 13');
INSERT INTO evaluacion_documento (id_evaluacion_documento, id_documento_presentado, id_subcriterio, id_ponderacion, id_evaluador, comentario) VALUES (14, 14, 3, 14, 1170, 'Evaluación automática 14');
INSERT INTO evaluacion_documento (id_evaluacion_documento, id_documento_presentado, id_subcriterio, id_ponderacion, id_evaluador, comentario) VALUES (15, 15, 2, 15, 3114, 'Evaluación automática 15');
INSERT INTO evaluacion_documento (id_evaluacion_documento, id_documento_presentado, id_subcriterio, id_ponderacion, id_evaluador, comentario) VALUES (16, 16, 5, 16, 4711, 'Evaluación automática 16');
INSERT INTO evaluacion_documento (id_evaluacion_documento, id_documento_presentado, id_subcriterio, id_ponderacion, id_evaluador, comentario) VALUES (17, 17, 2, 17, 1126, 'Evaluación automática 17');
INSERT INTO evaluacion_documento (id_evaluacion_documento, id_documento_presentado, id_subcriterio, id_ponderacion, id_evaluador, comentario) VALUES (18, 18, 4, 18, 6952, 'Evaluación automática 18');
INSERT INTO evaluacion_documento (id_evaluacion_documento, id_documento_presentado, id_subcriterio, id_ponderacion, id_evaluador, comentario) VALUES (19, 19, 1, 19, 4222, 'Evaluación automática 19');
INSERT INTO evaluacion_documento (id_evaluacion_documento, id_documento_presentado, id_subcriterio, id_ponderacion, id_evaluador, comentario) VALUES (20, 20, 6, 20, 6783, 'Evaluación automática 20');